,label
0,2
1,0
2,2
3,2
4,0
5,1
6,0
7,2
8,0
9,0
10,2
11,0
12,0
13,2
14,0
15,2
16,2
17,0
18,0
19,3
20,0
21,2
22,1
23,2
24,0
25,0
26,2
27,0
28,0
29,0
30,0
31,3
32,0
33,2
34,2
35,2
36,2
37,2
38,2
39,2
40,0
41,2
42,0
43,0
44,0
45,0
46,0
47,2
48,0
49,2
50,0
51,2
52,2
53,0
54,2
55,2
56,2
57,2
58,2
59,0
60,2
61,0
62,0
63,0
64,0
65,2
66,2
67,0
68,2
69,1
70,2
71,0
72,0
73,0
74,2
75,0
76,0
77,2
78,3
79,0
80,2
81,0
82,0
83,2
84,0
85,2
86,2
87,0
88,0
89,1
90,0
91,0
92,2
93,2
94,1
95,2
96,2
97,2
98,0
99,0
100,0
101,2
102,0
103,2
104,0
105,0
106,0
107,0
108,0
109,2
110,2
111,0
112,0
113,2
114,0
115,2
116,0
117,2
118,1
119,3
120,2
121,0
122,0
123,2
124,0
125,2
126,0
127,0
128,2
129,0
130,0
131,0
132,0
133,0
134,2
135,0
136,0
137,0
138,0
139,0
140,2
141,0
142,2
143,0
144,2
145,3
146,0
147,2
148,0
149,0
150,0
151,0
152,2
153,2
154,3
155,3
156,2
157,0
158,0
159,2
160,2
161,0
162,0
163,0
164,2
165,0
166,1
167,0
168,0
169,0
170,2
171,2
172,2
173,2
174,0
175,2
176,0
177,0
178,2
179,0
180,2
181,1
182,2
183,0
184,1
185,2
186,0
187,0
188,0
189,2
190,0
191,2
192,0
193,0
194,0
195,1
196,1
197,0
198,0
199,2
200,0
201,2
202,2
203,0
204,0
205,0
206,2
207,0
208,2
209,3
210,2
211,2
212,2
213,0
214,1
215,0
216,2
217,2
218,2
219,3
220,0
221,2
222,0
223,2
224,2
225,0
226,0
227,0
228,0
229,1
230,0
231,2
232,2
233,0
234,0
235,2
236,2
237,0
238,2
239,2
240,0
241,0
242,0
243,2
244,2
245,0
246,0
247,1
248,1
249,2
250,2
251,0
252,0
253,0
254,1
255,2
256,0
257,0
258,0
259,0
260,3
261,0
262,1
263,2
264,0
265,0
266,2
267,2
268,0
269,2
270,0
271,3
272,0
273,0
274,1
275,2
276,0
277,2
278,3
279,2
280,1
281,2
282,2
283,0
284,2
285,2
286,0
287,0
288,0
289,0
290,1
291,0
292,2
293,3
294,2
295,1
296,0
297,2
298,0
299,0
300,0
301,0
302,0
303,0
304,2
305,2
306,1
307,2
308,2
309,0
310,0
311,2
312,1
313,0
314,2
315,0
316,3
317,0
318,0
319,0
320,2
321,3
322,0
323,0
324,0
325,0
326,2
327,0
328,3
329,0
330,1
331,2
332,2
333,2
334,2
335,0
336,0
337,0
338,2
339,0
340,2
341,0
342,2
343,0
344,2
345,0
346,0
347,1
348,2
349,2
350,2
351,2
352,2
353,0
354,0
355,2
356,0
357,2
358,2
359,2
360,2
361,0
362,2
363,2
364,2
365,1
366,3
367,1
368,0
369,2
370,2
371,2
372,0
373,0
374,2
375,2
376,3
377,2
378,0
379,0
380,2
381,2
382,2
383,1
384,0
385,0
386,2
387,2
388,2
389,2
390,0
391,0
392,2
393,0
394,0
395,2
396,0
397,2
398,0
399,0
400,2
401,0
402,0
403,2
404,0
405,0
406,0
407,0
408,2
409,0
410,2
411,0
412,1
413,0
414,2
415,1
416,0
417,3
418,3
419,2
420,0
421,1
422,0
423,0
424,0
425,0
426,1
427,0
428,2
429,0
430,0
431,1
432,3
433,0
434,3
435,0
436,0
437,2
438,2
439,2
440,2
441,2
442,0
443,2
444,2
445,0
446,0
447,0
448,0
449,1
450,2
451,2
452,0
453,2
454,0
455,0
456,2
457,0
458,0
459,0
460,0
461,0
462,2
463,0
464,0
465,1
466,2
467,0
468,3
469,2
470,0
471,2
472,0
473,0
474,0
475,0
476,0
477,2
478,2
479,0
480,1
481,0
482,2
483,2
484,0
485,0
486,0
487,0
488,2
489,1
490,0
491,0
492,0
493,0
494,0
495,1
496,2
497,0
498,0
499,0
500,0
501,2
502,2
503,0
504,0
505,2
506,0
507,0
508,3
509,2
510,2
511,0
512,0
513,2
514,0
515,2
516,0
517,3
518,2
519,2
520,0
521,2
522,2
523,2
524,0
525,2
526,0
527,0
528,2
529,2
530,2
531,0
532,0
533,3
534,0
535,2
536,0
537,3
538,0
539,1
540,2
541,2
542,0
543,0
544,0
545,2
546,2
547,2
548,2
549,2
550,0
551,2
552,2
553,2
554,2
555,3
556,0
557,2
558,0
559,0
560,0
561,0
562,0
563,1
564,0
565,0
566,2
567,3
568,2
569,0
570,2
571,0
572,2
573,2
574,0
575,0
576,0
577,2
578,0
579,0
580,3
581,0
582,2
583,0
584,0
585,2
586,0
587,2
588,0
589,0
590,0
591,3
592,2
593,0
594,0
595,0
596,0
597,1
598,2
599,0
600,0
601,0
602,1
603,0
604,2
605,0
606,2
607,0
608,2
609,2
610,2
611,1
612,0
613,3
614,1
615,0
616,0
617,0
618,0
619,2
620,2
621,0
622,0
623,3
624,0
625,2
626,0
627,1
628,0
629,2
630,0
631,0
632,0
633,0
634,2
635,2
636,0
637,3
638,2
639,1
640,0
641,0
642,0
643,2
644,2
645,0
646,2
647,3
648,0
649,0
650,0
651,0
652,2
653,2
654,3
655,0
656,0
657,0
658,1
659,2
660,0
661,2
662,2
663,0
664,0
665,1
666,2
667,2
668,2
669,2
670,2
671,0
672,2
673,2
674,2
675,0
676,0
677,2
678,1
679,2
680,2
681,0
682,2
683,0
684,0
685,0
686,2
687,1
688,2
689,0
690,0
691,0
692,0
693,2
694,0
695,0
696,2
697,1
698,0
699,0
700,2
701,0
702,0
703,2
704,2
705,0
706,0
707,0
708,2
709,2
710,3
711,2
712,1
713,1
714,0
715,0
716,2
717,0
718,3
719,2
720,2
721,2
722,1
723,0
724,2
725,1
726,0
727,2
728,0
729,0
730,2
731,2
732,3
733,2
734,0
735,0
736,0
737,2
738,0
739,3
740,0
741,1
742,0
743,0
744,1
745,0
746,2
747,1
748,2
749,2
750,0
751,0
752,0
753,2
754,0
755,1
756,0
757,0
758,2
759,0
760,0
761,3
762,0
763,2
764,2
765,2
766,2
767,2
768,2
769,2
770,0
771,3
772,2
773,0
774,3
775,0
776,0
777,2
778,0
779,0
780,0
781,0
782,2
783,2
784,0
785,3
786,2
787,1
788,0
789,0
790,0
791,1
792,0
793,0
794,0
795,0
796,0
797,2
798,3
799,0
800,1
801,0
802,2
803,2
804,0
805,2
806,2
807,1
808,2
809,2
810,0
811,0
812,2
813,0
814,0
815,2
816,2
817,0
818,0
819,1
820,0
821,0
822,3
823,2
824,0
825,2
826,0
827,0
828,2
829,2
830,2
831,1
832,2
833,2
834,2
835,2
836,0
837,1
838,2
839,2
840,0
841,0
842,3
843,0
844,0
845,2
846,2
847,2
848,0
849,0
850,2
851,0
852,0
853,0
854,0
855,0
856,0
857,2
858,0
859,3
860,2
861,2
862,0
863,0
864,2
865,1
866,0
867,0
868,1
869,0
870,2
871,0
872,0
873,0
874,3
875,0
876,2
877,2
878,0
879,2
880,2
881,2
882,0
883,0
884,2
885,2
886,0
887,2
888,0
889,0
890,0
891,0
892,3
893,0
894,0
895,2
896,2
897,2
898,2
899,3
900,0
901,3
902,2
903,2
904,3
905,0
906,0
907,0
908,2
909,2
910,0
911,2
912,0
913,0
914,1
915,0
916,0
917,0
918,2
919,3
920,0
921,0
922,0
923,0
924,0
925,2
926,2
927,0
928,3
929,2
930,1
931,2
932,0
933,1
934,0
935,0
936,3
937,2
938,3
939,2
940,2
941,0
942,1
943,2
944,2
945,0
946,0
947,2
948,0
949,2
950,0
951,0
952,1
953,2
954,2
955,2
956,0
957,0
958,1
959,2
960,0
961,0
962,3
963,0
964,2
965,0
966,2
967,0
968,2
969,2
970,2
971,2
972,2
973,0
974,0
975,2
976,3
977,2
978,2
979,0
980,0
981,0
982,0
983,0
984,2
985,0
986,0
987,2
988,2
989,2
990,3
991,2
992,2
993,2
994,3
995,0
996,0
997,0
998,0
999,0
1000,0
1001,0
1002,2
1003,3
1004,0
1005,2
1006,0
1007,0
1008,0
1009,1
1010,2
1011,0
1012,0
1013,0
1014,0
1015,0
1016,0
1017,0
1018,2
1019,0
1020,2
1021,2
1022,0
1023,0
1024,0
1025,0
1026,0
1027,0
1028,1
1029,2
1030,0
1031,0
1032,2
1033,2
1034,0
1035,0
1036,0
1037,0
1038,2
1039,0
1040,1
1041,0
1042,0
1043,0
1044,0
1045,0
1046,2
1047,0
1048,2
1049,0
1050,2
1051,2
1052,2
1053,0
1054,2
1055,2
1056,0
1057,2
1058,2
1059,0
1060,0
1061,2
1062,2
1063,3
1064,0
1065,0
1066,2
1067,0
1068,2
1069,2
1070,0
1071,0
1072,0
1073,0
1074,2
1075,0
1076,0
1077,0
1078,2
1079,0
1080,0
1081,2
1082,2
1083,0
1084,0
1085,0
1086,0
1087,0
1088,1
1089,2
1090,2
1091,2
1092,0
1093,1
1094,0
1095,0
1096,0
1097,2
1098,1
1099,0
1100,2
1101,0
1102,0
1103,0
1104,0
1105,0
1106,2
1107,0
1108,0
1109,0
1110,2
1111,0
1112,2
1113,0
1114,0
1115,0
1116,1
1117,0
1118,0
1119,2
1120,1
1121,3
1122,1
1123,3
1124,2
1125,2
1126,2
1127,3
1128,0
1129,2
1130,0
1131,1
1132,0
1133,0
1134,2
1135,3
1136,1
1137,2
1138,3
1139,1
1140,2
1141,2
1142,0
1143,2
1144,0
1145,2
1146,2
1147,0
1148,1
1149,2
1150,2
1151,1
1152,0
1153,1
1154,2
1155,0
1156,0
1157,0
1158,3
1159,2
1160,0
1161,2
1162,2
1163,3
1164,2
1165,1
1166,2
1167,0
1168,0
1169,2
1170,0
1171,3
1172,0
1173,0
1174,2
1175,0
1176,0
1177,0
1178,0
1179,2
1180,0
1181,2
1182,2
1183,0
1184,2
1185,0
1186,2
1187,1
1188,0
1189,2
1190,2
1191,0
1192,2
1193,3
1194,1
1195,0
1196,2
1197,2
1198,0
1199,0
1200,2
1201,1
1202,0
1203,2
1204,0
1205,2
1206,2
1207,2
1208,0
1209,2
1210,2
1211,2
1212,0
1213,0
1214,0
1215,0
1216,2
1217,2
1218,0
1219,2
1220,0
1221,2
1222,2
1223,0
1224,0
1225,0
1226,1
1227,2
1228,0
1229,0
1230,3
1231,2
1232,2
1233,2
1234,3
1235,2
1236,0
1237,2
1238,2
1239,0
1240,0
1241,0
1242,2
1243,2
1244,2
1245,2
1246,2
1247,0
1248,2
1249,0
1250,0
1251,1
1252,0
1253,1
1254,0
1255,0
1256,0
1257,2
1258,2
1259,0
1260,0
1261,2
1262,2
1263,0
1264,2
1265,2
1266,2
1267,0
1268,0
1269,1
1270,0
1271,0
1272,0
1273,2
1274,2
1275,0
1276,0
1277,0
1278,0
1279,2
1280,0
1281,0
1282,2
1283,0
1284,2
1285,2
1286,2
1287,0
1288,2
1289,2
1290,2
1291,0
1292,2
1293,2
1294,3
1295,0
1296,0
1297,2
1298,0
1299,3
1300,2
1301,2
1302,0
1303,1
1304,0
1305,0
1306,1
1307,2
1308,2
1309,2
1310,2
1311,0
1312,0
1313,0
1314,0
1315,0
1316,2
1317,2
1318,1
1319,1
1320,0
1321,0
1322,2
1323,0
1324,0
1325,0
1326,2
1327,0
1328,0
1329,2
1330,0
1331,3
1332,0
1333,2
1334,2
1335,0
1336,0
1337,0
1338,3
1339,0
1340,1
1341,3
1342,2
1343,0
1344,0
1345,0
1346,0
1347,2
1348,0
1349,2
1350,2
1351,1
1352,2
1353,2
1354,0
1355,0
1356,2
1357,0
1358,0
1359,1
1360,2
1361,0
1362,0
1363,2
1364,3
1365,0
1366,1
1367,0
1368,0
1369,0
1370,3
1371,0
1372,0
1373,2
1374,0
1375,1
1376,0
1377,2
1378,0
1379,2
1380,2
1381,0
1382,0
1383,3
1384,0
1385,1
1386,0
1387,3
1388,0
1389,2
1390,2
1391,0
1392,2
1393,0
1394,0
1395,0
1396,2
1397,2
1398,2
1399,0
1400,0
1401,2
1402,2
1403,2
1404,3
1405,1
1406,0
1407,2
1408,2
1409,3
1410,2
1411,0
1412,0
1413,0
1414,0
1415,0
1416,0
1417,0
1418,3
1419,0
1420,2
1421,0
1422,1
1423,0
1424,1
1425,0
1426,1
1427,2
1428,2
1429,0
1430,0
1431,0
1432,1
1433,2
1434,0
1435,0
1436,2
1437,1
1438,0
1439,3
1440,2
1441,1
1442,2
1443,2
1444,0
1445,0
1446,0
1447,2
1448,0
1449,0
1450,1
1451,2
1452,2
1453,0
1454,2
1455,0
1456,0
1457,0
1458,0
1459,0
1460,0
1461,0
1462,1
1463,0
1464,0
1465,0
1466,2
1467,0
1468,1
1469,0
1470,0
1471,0
1472,0
1473,0
1474,2
1475,2
1476,0
1477,0
1478,0
1479,0
1480,0
1481,0
1482,2
1483,2
1484,2
1485,0
1486,2
1487,1
1488,2
1489,0
1490,0
1491,2
1492,0
1493,0
1494,0
1495,0
1496,0
1497,1
1498,0
1499,2
1500,0
1501,0
1502,2
1503,0
1504,1
1505,2
1506,0
1507,0
1508,2
1509,0
1510,2
1511,2
1512,0
1513,0
1514,2
1515,3
1516,2
1517,0
1518,0
1519,0
1520,2
1521,0
1522,0
1523,0
1524,1
1525,0
1526,0
1527,1
1528,1
1529,0
1530,2
1531,2
1532,2
1533,3
1534,2
1535,0
1536,0
1537,2
1538,2
1539,2
1540,0
1541,1
1542,2
1543,0
1544,2
1545,0
1546,2
1547,0
1548,0
1549,0
1550,2
1551,0
1552,2
1553,0
1554,0
1555,2
1556,0
1557,0
1558,0
1559,0
1560,0
1561,0
1562,2
1563,2
1564,1
1565,3
1566,2
1567,0
1568,2
1569,1
1570,2
1571,0
1572,2
1573,2
1574,0
1575,2
1576,2
1577,0
1578,0
1579,2
1580,0
1581,2
1582,2
1583,2
1584,2
1585,0
1586,3
1587,0
1588,2
1589,2
1590,0
1591,0
1592,2
1593,1
1594,3
1595,2
1596,0
1597,0
1598,0
1599,2
1600,2
1601,0
1602,0
1603,2
1604,0
1605,0
1606,0
1607,2
1608,0
1609,0
1610,1
1611,2
1612,0
1613,0
1614,1
1615,0
1616,0
1617,1
1618,0
1619,2
1620,2
1621,2
1622,2
1623,2
1624,0
1625,2
1626,1
1627,2
1628,0
1629,0
1630,0
1631,2
1632,0
1633,0
1634,0
1635,0
1636,2
1637,2
1638,0
1639,1
1640,3
1641,2
1642,2
1643,0
1644,0
1645,2
1646,2
1647,0
1648,2
1649,0
1650,3
1651,0
1652,0
1653,2
1654,2
1655,0
1656,0
1657,0
1658,0
1659,0
1660,0
1661,2
1662,0
1663,2
1664,0
1665,2
1666,1
1667,1
1668,0
1669,2
1670,0
1671,2
1672,0
1673,3
1674,2
1675,2
1676,1
1677,2
1678,0
1679,2
1680,2
1681,0
1682,2
1683,0
1684,1
1685,2
1686,0
1687,0
1688,0
1689,2
1690,2
1691,2
1692,0
1693,2
1694,0
1695,0
1696,2
1697,0
1698,2
1699,3
1700,0
1701,0
1702,0
1703,2
1704,1
1705,0
1706,0
1707,0
1708,2
1709,0
1710,2
1711,0
1712,2
1713,0
1714,2
1715,1
1716,1
1717,2
1718,0
1719,0
1720,2
1721,2
1722,2
1723,0
1724,2
1725,0
1726,0
1727,0
1728,2
1729,0
1730,3
1731,3
1732,2
1733,0
1734,2
1735,3
1736,0
1737,2
1738,1
1739,0
1740,0
1741,0
1742,0
1743,1
1744,0
1745,2
1746,0
1747,2
1748,0
1749,2
1750,0
1751,3
1752,0
1753,0
1754,2
1755,0
1756,1
1757,0
1758,0
1759,2
1760,2
1761,1
1762,2
1763,2
1764,3
1765,0
1766,1
1767,0
1768,0
1769,0
1770,2
1771,3
1772,2
1773,0
1774,1
1775,3
1776,0
1777,0
1778,2
1779,2
1780,0
1781,2
1782,0
1783,2
1784,2
1785,2
1786,0
1787,0
1788,2
1789,0
1790,0
1791,2
1792,0
1793,0
1794,2
1795,0
1796,2
1797,3
1798,2
1799,0
1800,2
1801,2
1802,1
1803,0
1804,0
1805,0
1806,2
1807,0
1808,0
1809,2
1810,0
1811,0
1812,0
1813,2
1814,0
1815,0
1816,2
1817,2
1818,0
1819,0
1820,1
1821,1
1822,2
1823,0
1824,0
1825,0
1826,0
1827,0
1828,0
1829,2
1830,2
1831,1
1832,2
1833,2
1834,0
1835,0
1836,2
1837,2
1838,0
1839,0
1840,0
1841,2
1842,2
1843,2
1844,1
1845,2
1846,0
1847,2
1848,0
1849,0
1850,2
1851,1
1852,2
1853,2
1854,0
1855,0
1856,0
1857,0
1858,0
1859,0
1860,2
1861,0
1862,2
1863,0
1864,1
1865,0
1866,0
1867,0
1868,2
1869,0
1870,0
1871,3
1872,0
1873,0
1874,3
1875,0
1876,0
1877,2
1878,0
1879,0
1880,0
1881,2
1882,0
1883,1
1884,2
1885,2
1886,2
1887,0
1888,0
1889,2
1890,0
1891,2
1892,2
1893,2
1894,2
1895,0
1896,2
1897,2
1898,1
1899,2
1900,0
1901,1
1902,2
1903,0
1904,0
1905,2
1906,2
1907,2
1908,2
1909,2
1910,2
1911,2
1912,0
1913,0
1914,2
1915,0
1916,2
1917,0
1918,0
1919,3
1920,0
1921,0
1922,0
1923,2
1924,0
1925,0
1926,2
1927,0
1928,2
1929,0
1930,0
1931,0
1932,0
1933,0
1934,1
1935,0
1936,2
1937,0
1938,0
1939,0
1940,3
1941,2
1942,2
1943,2
1944,0
1945,2
1946,2
1947,2
1948,0
1949,3
1950,0
1951,0
1952,3
1953,0
1954,0
1955,1
1956,2
1957,0
1958,0
1959,0
1960,0
1961,1
1962,0
1963,2
1964,0
1965,0
1966,0
1967,0
1968,0
1969,0
1970,0
1971,0
1972,0
1973,3
1974,2
1975,3
1976,0
1977,0
1978,1
1979,2
1980,0
1981,2
1982,0
1983,3
1984,2
1985,0
1986,0
1987,2
1988,0
1989,0
1990,2
1991,1
1992,0
1993,1
1994,0
1995,2
1996,2
1997,0
1998,0
1999,0
2000,2
2001,2
2002,2
2003,0
2004,2
2005,3
2006,2
2007,2
2008,1
2009,0
2010,0
2011,2
2012,0
2013,0
2014,2
2015,2
2016,0
2017,2
2018,0
2019,0
2020,0
2021,0
2022,0
2023,0
2024,0
2025,2
2026,0
2027,0
2028,1
2029,1
2030,2
2031,1
2032,2
2033,0
2034,2
2035,0
2036,3
2037,2
2038,3
2039,2
2040,0
2041,0
2042,1
2043,0
2044,0
2045,0
2046,0
2047,2
2048,2
2049,2
2050,2
2051,1
2052,2
2053,2
2054,0
2055,2
2056,2
2057,0
2058,1
2059,2
2060,0
2061,0
2062,2
2063,2
2064,0
2065,0
2066,1
2067,2
2068,2
2069,0
2070,1
2071,0
2072,2
2073,0
2074,0
2075,2
2076,0
2077,2
2078,2
2079,2
2080,0
2081,2
2082,2
2083,2
2084,2
2085,3
2086,0
2087,2
2088,0
2089,0
2090,2
2091,0
2092,0
2093,2
2094,3
2095,0
2096,0
2097,0
2098,0
2099,2
2100,1
2101,0
2102,1
2103,0
2104,0
2105,2
2106,2
2107,0
2108,2
2109,0
2110,0
2111,2
2112,3
2113,2
2114,0
2115,3
2116,3
2117,0
2118,0
2119,2
2120,0
2121,0
2122,2
2123,0
2124,2
2125,0
2126,2
2127,2
2128,0
2129,2
2130,2
2131,0
2132,3
2133,2
2134,0
2135,2
2136,0
2137,0
2138,0
2139,2
2140,0
2141,0
2142,0
2143,0
2144,2
2145,2
2146,1
2147,0
2148,3
2149,2
2150,0
2151,0
2152,2
2153,2
2154,0
2155,3
2156,0
2157,2
2158,2
2159,2
2160,0
2161,2
2162,0
2163,0
2164,0
2165,0
2166,3
2167,1
2168,0
2169,2
2170,2
2171,1
2172,2
2173,2
2174,0
2175,2
2176,0
2177,0
2178,0
2179,0
2180,3
2181,0
2182,0
2183,0
2184,0
2185,2
2186,0
2187,2
2188,1
2189,0
2190,0
2191,0
2192,0
2193,3
2194,2
2195,2
2196,0
2197,2
2198,2
2199,0
2200,0
2201,2
2202,0
2203,0
2204,2
2205,0
2206,2
2207,2
2208,2
2209,0
2210,2
2211,0
2212,3
2213,0
2214,2
2215,0
2216,0
2217,0
2218,2
2219,0
2220,0
2221,0
2222,0
2223,2
2224,0
2225,0
2226,2
2227,0
2228,0
2229,1
2230,0
2231,2
2232,0
2233,1
2234,0
2235,3
2236,1
2237,2
2238,2
2239,0
2240,2
2241,0
2242,0
2243,3
2244,0
2245,0
2246,0
2247,2
2248,0
2249,2
2250,0
2251,0
2252,2
2253,0
2254,0
2255,0
2256,0
2257,0
2258,2
2259,0
2260,3
2261,2
2262,0
2263,2
2264,2
2265,2
2266,1
2267,0
2268,0
2269,0
2270,2
2271,1
2272,2
2273,0
2274,2
2275,2
2276,2
2277,2
2278,2
2279,3
2280,0
2281,0
2282,2
2283,0
2284,3
2285,2
2286,0
2287,0
2288,0
2289,2
2290,2
2291,2
2292,0
2293,0
2294,2
2295,2
2296,0
2297,2
2298,0
2299,2
2300,2
2301,0
2302,3
2303,0
2304,0
2305,2
2306,2
2307,0
2308,1
2309,2
2310,2
2311,0
2312,0
2313,0
2314,0
2315,1
2316,2
2317,2
2318,0
2319,3
2320,2
2321,0
2322,0
2323,2
2324,2
2325,0
2326,0
2327,2
2328,1
2329,2
2330,2
2331,0
2332,2
2333,0
2334,2
2335,2
2336,0
2337,0
2338,0
2339,0
2340,0
2341,0
2342,0
2343,3
2344,0
2345,0
2346,2
2347,2
2348,0
2349,2
2350,2
2351,0
2352,2
2353,3
2354,3
2355,2
2356,0
2357,0
2358,0
2359,0
2360,2
2361,0
2362,0
2363,0
2364,2
2365,0
2366,1
2367,0
2368,0
2369,2
2370,0
2371,0
2372,2
2373,1
2374,2
2375,0
2376,0
2377,1
2378,3
2379,1
2380,2
2381,0
2382,2
2383,2
2384,0
2385,0
2386,2
2387,2
2388,1
2389,2
2390,0
2391,2
2392,2
2393,1
2394,0
2395,2
2396,1
2397,2
2398,0
2399,2
2400,0
2401,0
2402,2
2403,0
2404,3
2405,0
2406,0
2407,0
2408,2
2409,2
2410,0
2411,2
2412,3
2413,0
2414,3
2415,0
2416,3
2417,2
2418,0
2419,0
2420,0
2421,0
2422,0
2423,2
2424,0
2425,0
2426,0
2427,0
2428,3
2429,2
2430,2
2431,0
2432,0
2433,2
2434,2
2435,0
2436,2
2437,2
2438,0
2439,2
2440,0
2441,0
2442,2
2443,0
2444,0
2445,2
2446,2
2447,2
2448,0
2449,0
2450,0
2451,0
2452,2
2453,0
2454,2
2455,2
2456,0
2457,0
2458,2
2459,2
2460,2
2461,2
2462,2
2463,0
2464,2
2465,2
2466,2
2467,0
2468,0
2469,1
2470,0
2471,2
2472,2
2473,3
2474,3
2475,0
2476,0
2477,0
2478,2
2479,0
2480,0
2481,0
2482,2
2483,2
2484,0
2485,2
2486,2
2487,0
2488,1
2489,0
2490,1
2491,2
2492,0
2493,2
2494,2
2495,2
2496,0
2497,1
2498,0
2499,2
2500,2
2501,0
2502,0
2503,0
2504,0
2505,2
2506,2
2507,2
2508,2
2509,1
2510,2
2511,0
2512,2
2513,0
2514,0
2515,2
2516,0
2517,0
2518,0
2519,0
2520,2
2521,2
2522,0
2523,2
2524,1
2525,2
2526,2
2527,0
2528,0
2529,2
2530,2
2531,0
2532,0
2533,0
2534,0
2535,1
2536,0
2537,2
2538,0
2539,0
2540,0
2541,0
2542,0
2543,0
2544,0
2545,3
2546,2
2547,0
2548,0
2549,1
2550,2
2551,2
2552,2
2553,2
2554,2
2555,1
2556,0
2557,2
2558,2
2559,2
2560,0
2561,2
2562,2
2563,2
2564,0
2565,0
2566,0
2567,1
2568,2
2569,0
2570,2
2571,0
2572,0
2573,2
2574,0
2575,0
2576,0
2577,0
2578,0
2579,0
2580,2
2581,3
2582,2
2583,2
2584,0
2585,2
2586,2
2587,0
2588,2
2589,2
2590,0
2591,0
2592,0
2593,1
2594,2
2595,1
2596,2
2597,0
2598,2
2599,2
2600,0
2601,0
2602,2
2603,0
2604,1
2605,2
2606,0
2607,2
2608,0
2609,2
2610,2
2611,0
2612,2
2613,0
2614,0
2615,0
2616,0
2617,2
2618,0
2619,1
2620,0
2621,0
2622,2
2623,2
2624,2
2625,2
2626,0
2627,2
2628,2
2629,2
2630,0
2631,2
2632,2
2633,2
2634,2
2635,3
2636,0
2637,0
2638,2
2639,0
2640,0
2641,2
2642,0
2643,0
2644,0
2645,2
2646,2
2647,0
2648,0
2649,0
2650,0
2651,0
2652,0
2653,0
2654,2
2655,0
2656,2
2657,0
2658,0
2659,2
2660,0
2661,2
2662,0
2663,1
2664,0
2665,0
2666,2
2667,2
2668,0
2669,2
2670,2
2671,0
2672,3
2673,2
2674,1
2675,1
2676,0
2677,2
2678,2
2679,2
2680,0
2681,0
2682,3
2683,0
2684,3
2685,2
2686,1
2687,0
2688,2
2689,2
2690,0
2691,3
2692,1
2693,2
2694,0
2695,0
2696,2
2697,0
2698,0
2699,2
2700,0
2701,2
2702,2
2703,3
2704,0
2705,1
2706,0
2707,0
2708,0
2709,0
2710,2
2711,0
2712,3
2713,2
2714,3
2715,0
2716,0
2717,0
2718,2
2719,2
2720,0
2721,3
2722,0
2723,0
2724,3
2725,2
2726,2
2727,2
2728,0
2729,2
2730,0
2731,2
2732,3
2733,0
2734,0
2735,0
2736,2
2737,0
2738,0
2739,2
2740,3
2741,2
2742,0
2743,2
2744,2
2745,0
2746,0
2747,1
2748,3
2749,2
2750,2
2751,3
2752,0
2753,2
2754,0
2755,0
2756,1
2757,2
2758,1
2759,0
2760,2
2761,3
2762,2
2763,3
2764,2
2765,0
2766,0
2767,2
2768,2
2769,0
2770,0
2771,2
2772,2
2773,0
2774,2
2775,2
2776,0
2777,2
2778,0
2779,2
2780,0
2781,2
2782,2
2783,0
2784,0
2785,0
2786,0
2787,0
2788,0
2789,1
2790,0
2791,0
2792,0
2793,0
2794,0
2795,0
2796,3
2797,0
2798,2
2799,2
2800,3
2801,0
2802,0
2803,2
2804,2
2805,0
2806,2
2807,3
2808,0
2809,0
2810,0
2811,0
2812,2
2813,2
2814,2
2815,2
2816,0
2817,0
2818,2
2819,2
2820,1
2821,0
2822,0
2823,2
2824,2
2825,3
2826,0
2827,0
2828,0
2829,2
2830,2
2831,0
2832,0
2833,0
2834,2
2835,0
2836,2
2837,2
2838,0
2839,2
2840,2
2841,0
2842,2
2843,0
2844,2
2845,2
2846,2
2847,0
2848,0
2849,0
2850,0
2851,2
2852,1
2853,2
2854,0
2855,0
2856,2
2857,0
2858,2
2859,1
2860,0
2861,3
2862,3
2863,0
2864,2
2865,0
2866,0
2867,2
2868,2
2869,0
2870,0
2871,0
2872,0
2873,0
2874,1
2875,2
2876,0
2877,0
2878,0
2879,2
2880,2
2881,2
2882,3
2883,0
2884,3
2885,0
2886,0
2887,2
2888,2
2889,2
2890,0
2891,0
2892,0
2893,0
2894,0
2895,1
2896,2
2897,0
2898,2
2899,0
2900,0
2901,0
2902,2
2903,0
2904,0
2905,0
2906,0
2907,0
2908,0
2909,0
2910,0
2911,2
2912,0
2913,3
2914,1
2915,0
2916,0
2917,0
2918,1
2919,0
2920,0
2921,2
2922,2
2923,0
2924,0
2925,2
2926,0
2927,2
2928,0
2929,0
2930,1
2931,2
2932,2
2933,0
2934,3
2935,1
2936,2
2937,2
2938,0
2939,0
2940,0
2941,0
2942,2
2943,0
2944,0
2945,0
2946,0
2947,2
2948,2
2949,2
2950,2
2951,2
2952,2
2953,2
2954,2
2955,0
2956,0
2957,1
2958,0
2959,0
2960,2
2961,0
2962,0
2963,3
2964,0
2965,0
2966,3
2967,2
2968,2
2969,0
2970,0
2971,0
2972,0
2973,0
2974,0
2975,2
2976,0
2977,2
2978,0
2979,0
2980,0
2981,2
2982,3
2983,2
2984,2
2985,0
2986,0
2987,2
2988,2
2989,0
2990,1
2991,2
2992,0
2993,0
2994,2
2995,2
2996,2
2997,0
2998,0
2999,0
3000,0
3001,0
3002,2
3003,0
3004,2
3005,2
3006,0
3007,2
3008,0
3009,0
3010,0
3011,2
3012,2
3013,0
3014,2
3015,2
3016,2
3017,0
3018,0
3019,2
3020,0
3021,1
3022,0
3023,3
3024,0
3025,1
3026,2
3027,0
3028,2
3029,2
3030,2
3031,1
3032,2
3033,0
3034,0
3035,0
3036,1
3037,0
3038,0
3039,2
3040,2
3041,0
3042,0
3043,0
3044,2
3045,1
3046,2
3047,0
3048,0
3049,0
3050,2
3051,2
3052,0
3053,0
3054,0
3055,2
3056,2
3057,3
3058,2
3059,2
3060,2
3061,0
3062,0
3063,0
3064,2
3065,2
3066,0
3067,0
3068,0
3069,0
3070,2
3071,3
3072,2
3073,0
3074,0
3075,0
3076,0
3077,2
3078,2
3079,0
3080,0
3081,0
3082,0
3083,0
3084,0
3085,3
3086,2
3087,0
3088,0
3089,0
3090,0
3091,0
3092,0
3093,0
3094,0
3095,0
3096,0
3097,1
3098,0
3099,2
3100,2
3101,2
3102,1
3103,2
3104,0
3105,3
3106,2
3107,2
3108,0
3109,2
3110,0
3111,0
3112,0
3113,0
3114,0
3115,1
3116,0
3117,2
3118,0
3119,2
3120,0
3121,2
3122,1
3123,0
3124,0
3125,0
3126,2
3127,2
3128,2
3129,0
3130,1
3131,2
3132,0
3133,2
3134,2
3135,2
3136,3
3137,2
3138,3
3139,0
3140,0
3141,0
3142,0
3143,2
3144,2
3145,2
3146,2
3147,2
3148,0
3149,2
3150,0
3151,2
3152,2
3153,1
3154,2
3155,1
3156,0
3157,0
3158,0
3159,0
3160,0
3161,0
3162,2
3163,1
3164,2
3165,0
3166,0
3167,0
3168,0
3169,2
3170,0
3171,0
3172,2
3173,2
3174,0
3175,0
3176,2
3177,0
3178,2
3179,0
3180,2
3181,2
3182,3
3183,0
3184,2
3185,2
3186,0
3187,0
3188,0
3189,2
3190,0
3191,0
3192,0
3193,1
3194,0
3195,2
3196,2
3197,0
3198,0
3199,2
3200,0
3201,0
3202,3
3203,0
3204,2
3205,0
3206,2
3207,2
3208,0
3209,2
3210,2
3211,1
3212,2
3213,0
3214,2
3215,0
3216,2
3217,2
3218,0
3219,2
3220,0
3221,0
3222,0
3223,0
3224,2
3225,0
3226,0
3227,2
3228,2
3229,0
3230,0
3231,0
3232,0
3233,2
3234,0
3235,0
3236,0
3237,0
3238,0
3239,0
3240,2
3241,0
3242,2
3243,2
3244,0
3245,3
3246,2
3247,2
3248,0
3249,2
3250,0
3251,0
3252,0
3253,2
3254,2
3255,0
3256,0
3257,2
3258,0
3259,0
3260,3
3261,0
3262,2
3263,0
3264,0
3265,2
3266,2
3267,2
3268,0
3269,0
3270,0
3271,0
3272,2
3273,2
3274,0
3275,2
3276,2
3277,1
3278,0
3279,0
3280,0
3281,0
3282,1
3283,0
3284,3
3285,2
3286,0
3287,2
3288,2
3289,0
3290,2
3291,2
3292,0
3293,0
3294,0
3295,0
3296,0
3297,0
3298,0
3299,2
3300,0
3301,1
3302,0
3303,0
3304,2
3305,0
3306,0
3307,0
3308,2
3309,0
3310,1
3311,0
3312,2
3313,0
3314,0
3315,2
3316,0
3317,0
3318,0
3319,3
3320,3
3321,1
3322,0
3323,2
3324,3
3325,2
3326,0
3327,2
3328,0
3329,1
3330,2
3331,0
3332,2
3333,2
3334,0
3335,0
3336,0
3337,0
3338,0
3339,2
3340,2
3341,2
3342,0
3343,0
3344,0
3345,0
3346,2
3347,0
3348,2
3349,2
3350,2
3351,2
3352,2
3353,0
3354,2
3355,2
3356,2
3357,0
3358,0
3359,2
3360,2
3361,0
3362,0
3363,0
3364,0
3365,0
3366,0
3367,2
3368,0
3369,0
3370,3
3371,2
3372,0
3373,0
3374,2
3375,2
3376,1
3377,0
3378,0
3379,0
3380,1
3381,0
3382,2
3383,2
3384,0
3385,2
3386,2
3387,0
3388,2
3389,0
3390,1
3391,1
3392,3
3393,0
3394,0
3395,3
3396,2
3397,2
3398,1
3399,0
3400,2
3401,0
3402,2
3403,0
3404,2
3405,3
3406,0
3407,2
3408,2
3409,2
3410,2
3411,0
3412,2
3413,2
3414,2
3415,0
3416,2
3417,2
3418,0
3419,3
3420,0
3421,0
3422,2
3423,2
3424,3
3425,2
3426,2
3427,0
3428,2
3429,2
3430,0
3431,0
3432,0
3433,3
3434,1
3435,1
3436,0
3437,1
3438,1
3439,2
3440,0
3441,0
3442,2
3443,2
3444,0
3445,2
3446,2
3447,0
3448,0
3449,0
3450,0
3451,1
3452,0
3453,2
3454,2
3455,2
3456,0
3457,0
3458,0
3459,0
3460,0
3461,2
3462,0
3463,2
3464,0
3465,0
3466,1
3467,2
3468,1
3469,0
3470,1
3471,0
3472,0
3473,0
3474,0
3475,2
3476,0
3477,1
3478,3
3479,2
3480,3
3481,0
3482,2
3483,0
3484,2
3485,0
3486,0
3487,0
3488,0
3489,2
3490,0
3491,2
3492,3
3493,0
3494,0
3495,0
3496,2
3497,3
3498,0
3499,2
3500,0
3501,0
3502,2
3503,0
3504,2
3505,2
3506,3
3507,2
3508,2
3509,0
3510,0
3511,2
3512,0
3513,0
3514,2
3515,0
3516,0
3517,0
3518,2
3519,1
3520,0
3521,2
3522,2
3523,3
3524,0
3525,0
3526,2
3527,0
3528,0
3529,0
3530,0
3531,2
3532,3
3533,1
3534,0
3535,2
3536,0
3537,0
3538,0
3539,0
3540,0
3541,2
3542,1
3543,0
3544,2
3545,1
3546,2
3547,2
3548,0
3549,2
3550,2
3551,2
3552,2
3553,0
3554,0
3555,2
3556,2
3557,0
3558,0
3559,0
3560,3
3561,2
3562,2
3563,2
3564,2
3565,0
3566,3
3567,2
3568,2
3569,0
3570,2
3571,0
3572,2
3573,2
3574,0
3575,0
3576,0
3577,0
3578,0
3579,2
3580,0
3581,0
3582,0
3583,0
3584,0
3585,0
3586,2
3587,1
3588,2
3589,0
3590,1
3591,3
3592,1
3593,0
3594,0
3595,0
3596,0
3597,3
3598,0
3599,0
3600,2
3601,2
3602,2
3603,0
3604,0
3605,0
3606,2
3607,0
3608,0
3609,1
3610,0
3611,0
3612,2
3613,0
3614,0
3615,0
3616,1
3617,0
3618,1
3619,2
3620,2
3621,0
3622,2
3623,3
3624,0
3625,2
3626,0
3627,0
3628,1
3629,0
3630,2
3631,2
3632,2
3633,2
3634,1
3635,2
3636,0
3637,0
3638,0
3639,0
3640,0
3641,2
3642,3
3643,0
3644,2
3645,3
3646,2
3647,0
3648,0
3649,3
3650,0
3651,2
3652,0
3653,0
3654,1
3655,0
3656,0
3657,0
3658,3
3659,0
3660,0
3661,0
3662,0
3663,2
3664,0
3665,0
3666,3
3667,2
3668,0
3669,2
3670,0
3671,3
3672,0
3673,2
3674,0
3675,0
3676,2
3677,2
3678,2
3679,0
3680,0
3681,0
3682,2
3683,0
3684,0
3685,0
3686,1
3687,1
3688,0
3689,1
3690,0
3691,0
3692,2
3693,1
3694,2
3695,0
3696,0
3697,0
3698,0
3699,0
3700,0
3701,3
3702,0
3703,1
3704,3
3705,0
3706,2
3707,2
3708,0
3709,0
3710,2
3711,0
3712,3
3713,0
3714,0
3715,0
3716,0
3717,2
3718,2
3719,0
3720,0
3721,0
3722,2
3723,0
3724,0
3725,0
3726,0
3727,1
3728,3
3729,0
3730,2
3731,0
3732,0
3733,2
3734,2
3735,2
3736,1
3737,2
3738,0
3739,1
3740,2
3741,0
3742,0
3743,0
3744,2
3745,2
3746,2
3747,0
3748,2
3749,0
3750,0
3751,0
3752,2
3753,0
3754,1
3755,3
3756,0
3757,2
3758,0
3759,0
3760,0
3761,0
3762,2
3763,0
3764,0
3765,0
3766,1
3767,2
3768,0
3769,0
3770,1
3771,0
3772,2
3773,0
3774,1
3775,2
3776,1
3777,0
3778,0
3779,0
3780,0
3781,2
3782,0
3783,0
3784,0
3785,0
3786,0
3787,2
3788,0
3789,0
3790,0
3791,2
3792,0
3793,3
3794,2
3795,0
3796,2
3797,0
3798,3
3799,0
3800,2
3801,2
3802,0
3803,2
3804,0
3805,2
3806,0
3807,0
3808,0
3809,0
3810,3
3811,0
3812,0
3813,0
3814,0
3815,0
3816,0
3817,0
3818,1
3819,0
3820,2
3821,2
3822,2
3823,0
3824,3
3825,0
3826,0
3827,3
3828,0
3829,0
3830,0
3831,3
3832,2
3833,0
3834,1
3835,2
3836,2
3837,0
3838,0
3839,0
3840,2
3841,2
3842,0
3843,0
3844,1
3845,0
3846,3
3847,0
3848,2
3849,0
3850,2
3851,2
3852,0
3853,0
3854,0
3855,0
3856,2
3857,0
3858,1
3859,0
3860,2
3861,2
3862,2
3863,0
3864,1
3865,0
3866,2
3867,2
3868,0
3869,2
3870,0
3871,0
3872,0
3873,3
3874,0
3875,1
3876,0
3877,0
3878,0
3879,0
3880,2
3881,2
3882,0
3883,2
3884,0
3885,0
3886,0
3887,0
3888,0
3889,0
3890,1
3891,2
3892,0
3893,1
3894,3
3895,0
3896,1
3897,2
3898,0
3899,0
3900,0
3901,0
3902,0
3903,2
3904,0
3905,0
3906,0
3907,2
3908,2
3909,2
3910,0
3911,0
3912,0
3913,2
3914,2
3915,0
3916,0
3917,2
3918,0
3919,0
3920,0
3921,0
3922,0
3923,2
3924,2
3925,2
3926,0
3927,0
3928,2
3929,0
3930,0
3931,0
3932,2
3933,2
3934,0
3935,2
3936,0
3937,2
3938,2
3939,2
3940,0
3941,2
3942,0
3943,1
3944,0
3945,1
3946,3
3947,2
3948,0
3949,0
3950,0
3951,2
3952,2
3953,0
3954,0
3955,0
3956,2
3957,0
3958,3
3959,2
3960,0
3961,2
3962,1
3963,0
3964,0
3965,0
3966,0
3967,0
3968,2
3969,0
3970,1
3971,2
3972,0
3973,1
3974,0
3975,0
3976,0
3977,0
3978,0
3979,0
3980,0
3981,0
3982,0
3983,3
3984,2
3985,2
3986,0
3987,2
3988,0
3989,1
3990,0
3991,0
3992,0
3993,0
3994,0
3995,0
3996,3
3997,2
3998,3
3999,3
4000,0
4001,2
4002,2
4003,0
4004,0
4005,0
4006,0
4007,2
4008,1
4009,0
4010,0
4011,2
4012,1
4013,0
4014,0
4015,2
4016,2
4017,0
4018,0
4019,0
4020,2
4021,0
4022,0
4023,2
4024,2
4025,0
4026,0
4027,2
4028,2
4029,0
4030,2
4031,0
4032,0
4033,0
4034,0
4035,0
4036,1
4037,1
4038,2
4039,2
4040,0
4041,0
4042,0
4043,0
4044,2
4045,1
4046,0
4047,2
4048,0
4049,0
4050,2
4051,0
4052,0
4053,0
4054,2
4055,2
4056,2
4057,0
4058,1
4059,0
4060,2
4061,0
4062,2
4063,2
4064,1
4065,3
4066,2
4067,0
4068,0
4069,0
4070,0
4071,0
4072,0
4073,2
4074,0
4075,2
4076,1
4077,0
4078,2
4079,0
4080,0
4081,3
4082,0
4083,2
4084,2
4085,2
4086,3
4087,0
4088,0
4089,0
4090,2
4091,1
4092,0
4093,0
4094,0
4095,0
4096,2
4097,0
4098,0
4099,2
4100,2
4101,0
4102,0
4103,0
4104,0
4105,2
4106,2
4107,0
4108,2
4109,1
4110,2
4111,2
4112,0
4113,0
4114,3
4115,2
4116,2
4117,3
4118,0
4119,2
4120,2
4121,0
4122,2
4123,0
4124,2
4125,0
4126,1
4127,2
4128,0
4129,0
4130,3
4131,0
4132,0
4133,2
4134,2
4135,0
4136,3
4137,2
4138,0
4139,0
4140,0
4141,2
4142,0
4143,0
4144,0
4145,0
4146,0
4147,2
4148,2
4149,2
4150,2
4151,2
4152,2
4153,0
4154,0
4155,0
4156,2
4157,2
4158,0
4159,0
4160,0
4161,0
4162,0
4163,2
4164,0
4165,0
4166,2
4167,3
4168,0
4169,2
4170,2
4171,0
4172,2
4173,2
4174,0
4175,0
4176,2
4177,2
4178,2
4179,0
4180,0
4181,2
4182,0
4183,0
4184,2
4185,2
4186,0
4187,0
4188,2
4189,2
4190,2
4191,3
4192,1
4193,0
4194,3
4195,2
4196,2
4197,1
4198,2
4199,1
4200,0
4201,0
4202,2
4203,2
4204,2
4205,0
4206,0
4207,2
4208,0
4209,1
4210,2
4211,0
4212,0
4213,0
4214,0
4215,0
4216,0
4217,2
4218,0
4219,1
4220,1
4221,2
4222,0
4223,0
4224,0
4225,0
4226,2
4227,2
4228,1
4229,2
4230,2
4231,2
4232,1
4233,0
4234,0
4235,2
4236,0
4237,0
4238,0
4239,0
4240,0
4241,1
4242,1
4243,0
4244,2
4245,0
4246,2
4247,2
4248,0
4249,2
4250,0
4251,2
4252,2
4253,2
4254,0
4255,2
4256,0
4257,2
4258,1
4259,0
4260,2
4261,2
4262,0
4263,0
4264,1
4265,2
4266,1
4267,1
4268,1
4269,2
4270,0
4271,2
4272,1
4273,2
4274,0
4275,2
4276,0
4277,0
4278,2
4279,3
4280,0
4281,0
4282,2
4283,0
4284,0
4285,3
4286,2
4287,0
4288,0
4289,0
4290,1
4291,0
4292,0
4293,2
4294,2
4295,0
4296,1
4297,2
4298,0
4299,0
4300,1
4301,0
4302,0
4303,1
4304,1
4305,2
4306,2
4307,0
4308,2
4309,3
4310,2
4311,0
4312,0
4313,0
4314,0
4315,0
4316,0
4317,0
4318,2
4319,2
4320,2
4321,2
4322,0
4323,2
4324,0
4325,0
4326,0
4327,0
4328,2
4329,2
4330,1
4331,1
4332,2
4333,0
4334,0
4335,2
4336,2
4337,2
4338,0
4339,0
4340,2
4341,0
4342,0
4343,2
4344,2
4345,0
4346,2
4347,0
4348,2
4349,3
4350,0
4351,2
4352,2
4353,2
4354,0
4355,0
4356,0
4357,3
4358,2
4359,0
4360,0
4361,0
4362,2
4363,2
4364,2
4365,0
4366,0
4367,3
4368,2
4369,1
4370,0
4371,2
4372,2
4373,3
4374,1
4375,0
4376,2
4377,2
4378,0
4379,0
4380,2
4381,1
4382,1
4383,0
4384,0
4385,1
4386,0
4387,0
4388,0
4389,2
4390,0
4391,1
4392,0
4393,0
4394,0
4395,2
4396,2
4397,0
4398,0
4399,3
4400,1
4401,1
4402,2
4403,0
4404,2
4405,0
4406,0
4407,0
4408,3
4409,0
4410,2
4411,0
4412,0
4413,2
4414,0
4415,2
4416,2
4417,0
4418,0
4419,0
4420,0
4421,0
4422,0
4423,2
4424,0
4425,0
4426,0
4427,0
4428,0
4429,1
4430,0
4431,2
4432,2
4433,0
4434,2
4435,0
4436,0
4437,0
4438,0
4439,2
4440,2
4441,0
4442,0
4443,0
4444,2
4445,0
4446,2
4447,0
4448,0
4449,1
4450,0
4451,0
4452,0
4453,2
4454,2
4455,1
4456,2
4457,0
4458,2
4459,0
4460,2
4461,0
4462,2
4463,2
4464,3
4465,2
4466,0
4467,2
4468,0
4469,2
4470,0
4471,2
4472,0
4473,1
4474,2
4475,0
4476,3
4477,2
4478,2
4479,0
4480,0
4481,2
4482,0
4483,0
4484,2
4485,2
4486,2
4487,2
4488,0
4489,2
4490,0
4491,2
4492,2
4493,2
4494,1
4495,2
4496,2
4497,2
4498,0
4499,2
4500,0
4501,2
4502,2
4503,0
4504,0
4505,1
4506,0
4507,0
4508,2
4509,0
4510,2
4511,2
4512,2
4513,2
4514,2
4515,3
4516,0
4517,2
4518,0
4519,3
4520,0
4521,1
4522,2
4523,0
4524,0
4525,0
4526,2
4527,0
4528,2
4529,0
4530,0
4531,0
4532,2
4533,2
4534,2
4535,2
4536,2
4537,2
4538,0
4539,0
4540,0
4541,0
4542,2
4543,0
4544,2
4545,3
4546,2
4547,2
4548,2
4549,0
4550,1
4551,2
4552,0
4553,2
4554,0
4555,1
4556,0
4557,2
4558,2
4559,0
4560,0
4561,0
4562,0
4563,0
4564,3
4565,0
4566,0
4567,2
4568,0
4569,3
4570,2
4571,2
4572,3
4573,2
4574,2
4575,1
4576,2
4577,0
4578,2
4579,0
4580,0
4581,2
4582,0
4583,2
4584,2
4585,2
4586,0
4587,0
4588,2
4589,2
4590,0
4591,2
4592,3
4593,2
4594,2
4595,0
4596,0
4597,1
4598,2
4599,2
4600,2
4601,0
4602,1
4603,3
4604,2
4605,0
4606,2
4607,0
4608,2
4609,2
4610,0
4611,0
4612,2
4613,0
4614,0
4615,1
4616,0
4617,1
4618,0
4619,1
4620,0
4621,0
4622,1
4623,0
4624,0
4625,2
4626,2
4627,2
4628,2
4629,2
4630,2
4631,1
4632,0
4633,0
4634,0
4635,2
4636,2
4637,3
4638,2
4639,0
4640,1
4641,1
4642,0
4643,0
4644,2
4645,0
4646,0
4647,2
4648,2
4649,2
4650,2
4651,1
4652,1
4653,0
4654,2
4655,0
4656,2
4657,2
4658,2
4659,0
4660,0
4661,0
4662,2
4663,2
4664,0
4665,2
4666,2
4667,1
4668,0
4669,0
4670,2
4671,2
4672,2
4673,2
4674,1
4675,0
4676,2
4677,2
4678,2
4679,2
4680,0
4681,2
4682,1
4683,0
4684,0
4685,2
4686,2
4687,0
4688,2
4689,0
4690,3
4691,0
4692,2
4693,2
4694,0
4695,0
4696,2
4697,2
4698,2
4699,3
4700,0
4701,2
4702,2
4703,0
4704,0
4705,0
4706,0
4707,3
4708,0
4709,0
4710,2
4711,0
4712,1
4713,2
4714,2
4715,2
4716,0
4717,0
4718,3
4719,2
4720,0
4721,1
4722,3
4723,0
4724,0
4725,0
4726,0
4727,0
4728,2
4729,0
4730,2
4731,0
4732,0
4733,0
4734,0
4735,0
4736,0
4737,1
4738,0
4739,0
4740,0
4741,2
4742,0
4743,0
4744,0
4745,0
4746,0
4747,0
4748,1
4749,2
4750,0
4751,2
4752,2
4753,2
4754,1
4755,0
4756,0
4757,0
4758,2
4759,0
4760,0
4761,0
4762,3
4763,0
4764,0
4765,0
4766,3
4767,0
4768,0
4769,2
4770,1
4771,0
4772,1
4773,2
4774,2
4775,3
4776,0
4777,3
4778,2
4779,0
4780,3
4781,0
4782,2
4783,0
4784,0
4785,0
4786,2
4787,2
4788,2
4789,0
4790,2
4791,3
4792,0
4793,2
4794,0
4795,2
4796,2
4797,0
4798,0
4799,3
4800,2
4801,0
4802,2
4803,0
4804,0
4805,2
4806,2
4807,2
4808,3
4809,0
4810,2
4811,0
4812,0
4813,2
4814,2
4815,0
4816,0
4817,2
4818,0
4819,2
4820,0
4821,2
4822,0
